<?xml version="1.0" encoding="UTF-8"?>
<beans:beans xmlns="http://www.springframework.org/schema/mvc"
	xmlns:xsi="http://www.w3.org/2001/XMLSchema-instance"
	xmlns:beans="http://www.springframework.org/schema/beans"
	xmlns:context="http://www.springframework.org/schema/context"
	xmlns:aop="http://www.springframework.org/schema/aop"
	xmlns:jdbc="http://www.springframework.org/schema/jdbc"
	xmlns:mybatis-spring="http://mybatis.org/schema/mybatis-spring"
	xsi:schemaLocation="http://www.springframework.org/schema/jdbc http://www.springframework.org/schema/jdbc/spring-jdbc-4.3.xsd
		http://www.springframework.org/schema/mvc https://www.springframework.org/schema/mvc/spring-mvc.xsd
		http://mybatis.org/schema/mybatis-spring http://mybatis.org/schema/mybatis-spring-1.2.xsd
		http://www.springframework.org/schema/beans https://www.springframework.org/schema/beans/spring-beans.xsd
		http://www.springframework.org/schema/context https://www.springframework.org/schema/context/spring-context.xsd
		http://www.springframework.org/schema/aop http://www.springframework.org/schema/aop/spring-aop-4.3.xsd">

	<!-- DispatcherServlet Context: defines this servlet's request-processing infrastructure -->
	
	<!-- Enables the Spring MVC @Controller programming model -->
	<annotation-driven />

	<!-- Handles HTTP GET requests for /resources/** by efficiently serving up static resources in the ${webappRoot}/resources directory -->
	<resources mapping="/resources/**" location="/resources/" />

	<!-- Resolves views selected for rendering by @Controllers to .jsp resources in the /WEB-INF/views directory -->
	<beans:bean class="org.springframework.web.servlet.view.InternalResourceViewResolver">
		<beans:property name="prefix" value="/WEB-INF/views/" />
		<beans:property name="suffix" value=".jsp" />
	</beans:bean>
	
	
	<beans:bean id="loginCheckInterceptor" class="kr.co.greenart.common.interceptor.LoginInterceptor"></beans:bean>
	
	<beans:bean id="accessInterceptor" class="kr.co.greenart.common.interceptor.AccessInterceptor"></beans:bean>
	
	<beans:bean id="multipartResolver" class="org.springframework.web.multipart.support.StandardServletMultipartResolver"></beans:bean>
		
	
	<interceptors>
		<interceptor>
			<mapping path="/**"/> 
			<exclude-mapping path="/member/**"/>
			<exclude-mapping path="/**/*.css"/>
			<exclude-mapping path="/**/*.js"/>
			<beans:ref bean="loginCheckInterceptor"/>
		</interceptor>
		
		<interceptor>
			<mapping path="/**"/> 
		
			<exclude-mapping path="/**/*.css"/>
			<exclude-mapping path="/**/*.js"/>
			<beans:ref bean="accessInterceptor"/>
		</interceptor>
		
	</interceptors>
	
	
	<context:component-scan base-package="kr.co.greenart" />
</beans:beans>
