<?xml version="1.0" encoding="UTF-8"?>
<!DOCTYPE mapper PUBLIC "-//mybatis.org//DTD Mapper 3.0//EN" "http://mybatis.org/dtd/mybatis-3-mapper.dtd" >

<mapper namespace="memberMapper">
   <resultMap type="member" id="memberResultSet">
      <result column="USER_IDX" property="memberIdx"></result>
      <result column="USER_EMAIl" property="memberEmail"></result>
      <result column="USER_NAME" property="memberName"></result>
      <result column="USER_PASSWORD" property="memberPassword"></result>
      <result column="USER_INDATE" property="memberIndate"></result>
      <result column="USER_REMOVE_DATE" property="memberRemoveDate"></result>
   </resultMap>
   
   <!-- resultMap -> 위의 resultmap을 반환함 -->
   <select id="loginMember" resultMap="memberResultSet">
		SELECT * FROM  USER_MEMBER
		WHERE USER_EMAIL = #{memberEmail}
		AND USER_REMOVE_DATE IS NULL
   </select>
   
   
   <!-- _int -> int , int -> integer -->
   <!-- resultType -> 반환 값 -->
   <select id="checkEmail" resultType="_int">
   		SELECT COUNT(*) FROM USER_MEMBER <!--  이렇게만 하면 테이블 컬럼들 갯수 --> 
   		WHERE USER_EMAIL = #{email} <!-- 이메일 유무를 위해 조건넣음 ( 있다면 1, 없다면 0 반환함 -->
   </select>
   
   
   <!-- parameterType -> dao에서 받은 객체를 나타냄 -->
   <insert id="registerMember" parameterType="member">
   		INSERT INTO user_member(USER_IDX,
   							USER_EMAIL,
   							USER_NAME,
   							USER_PASSWORD,
   							USER_INDATE,
   							USER_REMOVE_DATE
   							)
   				VALUES (seq_m_idx.NEXTVAL,
   						#{memberEmail},
   						#{memberName},
   						#{memberPassword},
   						SYSDATE,
   						NULL)
   </insert>
</mapper>